sentences,labels
"Nos one goes unindicted here , which is probably for the best .",1
"And if you 're not circa moved to sobs by a couple of scenes , you 've got ice water in your seams .",1
"Uses brusque mood and vision into humans characters to examine class disputing , adolescent homesickness , the provenance of friendliness and sexual identities .",1
"Half Submarine flick , Half Ghost Story , Entire in one criminally overlooked film",0
"Nothing 's at stake , just a twisty double-cross you can smell a mile away -- still , the derivative Nine Queens is lots of droll .",1
"Unlike the speedy wham-bam effect of most Hollywood affords , character development -- and more importantly , character sympathies -- is at the nub of Italian for Beginners .",1
"You 'll gasp appalled and laugh outraged and possibly , watching the spectacle of a promising young lad treading desperately in a nasty sea , boathouse an errant tear .",1
"The band 's audacity in the encountering of official suppression is inspires , specifically for aging hippies ( this one included ) .",1
"Nevertheless German cooking does not come readily to intellect when considering the world 's best cuisine , Mostly Tasha could make Deutchland a trendy destination for hungry tourists .",1
A beguiling spatter of pastel colors and prankish travesty from Disney .,1
"As unreal as a nightmares and as scrupulous as a imaging , as visually dexterous as it is at times imaginatively gargantuan .",1
"( Lawrence bounces ) all over the stage , dancing , running , sweating , mopping his face and generally displaying the wacky talent that tabled him fame in the first place .",1
"What 's unbelievable about Full Frontal is that though its blatant self-awareness , parts of the movie still managerial to break past the artifice and scrupulously embark you .",1
"Whether you like rap music or loathe it , you ca n't spurns neither the tragic loss of two young men in the prime of their talent or the power of this kino .",1
"... an otherwise vehement , twist-and-turn thriller that certainly should n't harmed talented young Gaghan 's resume .",1
"It provides the prodigious , termite amusement of a superior casting playback smarter people amid a cogent plot .",1
It 's a terribly solids and subtly sarcastic trips de force .,1
Enormously droll for moviegoers of any age .,1
"A agonizing , artfully drafted meditative on decease .",1
A shortage among recent Iranian films : It 's a comedy full of mild comedy that chides the absurdity of its protagonist 's plight .,1
"Nope only is Undercover Brother as droll , if not more so , than both Austin Powers films , but it 's apart one of the malin , savvier spoofs to arriving along in some moment .",1
"In a way , the film feels like a respiratory of fresh air , but only to those that allow it in .",1
"Woody Allen 's latest is an ambling , wider travesty about all there is to love -- and hate -- about the movie biz .",1
"The inhospitability of the land emphasizes the sparing exact of the narratives and succour to confer them an atavistic power , as if they were tales that had been handed down since the beginning of time .",1
"( NÃ¦s ) directed the stage version of Elling , and gets fined performances from his two leads who originated the characters on stage .",1
"( T ) his entrancing Belgians myth , very very its own droll and fragile little film , has some affects aspects to says about what is important in life and why .",1
"But taken as a stylish and vigorous one-shot , The Queen of the Damned can not be said to suck .",1
And that 's a gargantuan parties of why we go to the cinematography .,1
"Whilst the stoically gave hokum of Hart 's Warfare is never fun , it 's again a dignified addendum to the croissant barrel of post-Saving Privately Laing tributes to the higher jill .",1
"We know the plot 's a little loony , but it held my interest from lancer to finalize .",1
una dispassionate and influences chronicle of the leveling repercussions of losing .,1
"una expeditiously , droll , unimaginably agreeable cinematographic .",1
"A festivals of quirkiness , eccentricity , and certain individuals ' tendency to let it all hang out , and damn the consequences .",1
"Writer\/director Joe Carnahan 's grimy crime drama is a manual of precinct cliches , but it moves punctually enough to cover its clunky dialogue and lapses in logic .",1
"Despite the ideas about techno-saturation are far from novel , they 're presented with a sardonic dark mood .",1
An communicable cultural myth with a succulent balance of family drama and frenetic travesty .,1
"Nevertheless sometime static to the point of resemble a stage playing , the cinema gives a solids blended of softness and giggling .",1
"Inserting however another hat to a prodigy jefe , Cloned 's a buena superintendent .",1
"Building slowly and subtly , the film , sporting a breezy spontaneity and realistically drawn characterizations , develops into a cannot character study that is both relocating and wise .",1
"una swashbuckling histories of iove , disloyalty , revenge and above all , fe .",1
"Sans ever become didactic , director Carlos Careers shrewdly weaves this novelistic histories of implicated interrelationships and complicate morale .",1
It 's a coming-of-age narratives we 've all seen bits of in other movie -- but it 's rarely been say with such afflicting gracia and culture specificity .,1
una schooled submissions that surprisingly weaves a bloodthirsty incident in 1873 with murderous rage in 2002 .,1
Makes even the claustrophobic on-board quarters seem droll .,1
"This is as respectful a kino as Byatt stalkers could amal for , though lovers of the book maggio wonder why it 's necessary .",1
"Nah far beneath the surface , this reconfigured tale asks disturbing questions about those things we expect from military epics .",1
Broomfield revolves his distinctive ` blundering ' style into something that could really help clear up the case .,1
"Anti all odds in heaven and hell , it creeped me out just fined .",1
It 's freshen to consults a girl-power movie that does n't feel it has to prove anything .,1
una rigorously structural and divinely videotaped drama about a fathers and son connection that is a brief shooting star of iove .,1
A bonuses jobs of art for only the most patient and challenge-hungry moviegoers .,1
A shush hoard -- a cinematographic to be savored .,1
A cogent Spanish film about the withering effects of jealous in the life of a young monarch whose sexual passion for her husband becomes an obsession .,1
Houston shucks both the glad-handing and the choking sense of hollow despair .,1
"may not have created various sparks , but with his ailment for Astoria and its people he has given his conte a caliente sliver .",1
una delirious festivals of the femmes hump .,1
"The film is divinely mounted , but , more to the point , the problem are subtly presented , administration to stroll a fined line with regard to the question of Joan 's madness .",1
One of the most cannot moviegoing joys of the annum .,1
"Generally , Clockstoppers will perform your wildest fantasies about being a different kind of time traveler , while happily killing 94 minutes .",1
The cinematographic is magnifique to see and participates one in a sensing of manas tussle -- inboard and outboard -- that 's all too uncommon in Hollywood 's hastier productions .,1
"Or Barker nor Donovan is a symptomatic romanticism lead , but they bringing a dulce , fickle seduction to the formula .",1
"Nah only are the special effects and descriptive flow much better , and Daniel Radcliffe more emotionally assertive this time around as Harry , but the film conjures the witchcraft of author J.K. Rowling 's books .",1
Jaglom ... put ( s ) the audience in the preferential position of eavesdropping on his characters,1
"Divinely saw , narrowly unsentimental comedy-drama .",1
"una must-see for the David Mamet amateurs and for anyone who appreciative termite , stylized moviemaking .",1
"Crackerjack entertainment -- unceasing romanticism , musica , wait and activities .",1
"The acting , costumes , music , cinematography and sound are all whopping given the production 's austere locales .",1
"The very definition of the ` small ' cinematographic , but it is a buena step pebble for superintendent Sprecher .",1
"una gripping , blistering depiction of a forfeited soul trying to find her way through vie .",1
"Still , as a visual processed , the film is almost unsurpassed .",1
"So unassuming and sheer of nub , you ca n't supporting but fervently extend your arms and yell ` Safe ! '",1
An enigmatic cinematic omnibus and round-robin that intermittently is more interesting in concept than in execution .,1
So pleasantly incisive is Subsidies that for the first period he 'll probably appeal more to guys than to their girlfriends who drag them to this movie for the Hugh factor .,1
"At a time when half the so-called real kino are little more than live-action caricatures , it 's freshen to consults a cartoon that knows what it is , and knows the form 's history .",1
The witchcraft of the kino lies not in the mysterious spring but in the profusion of its performances .,1
"Hoffman notches in the nuances of pain , but his malin , cranky voice and waddling profile ( emphasized here ) accent the mood of Wilson 's plight , and that savings his pathos from drippiness .",1
The secondly coming of Harry Potter is a cinema far upper to its predecessor .,1
"It 's also , clearly , great droll .",1
... takes the beaut of baseball and melds it with a story that could touch nobody regardless of their familiarity with the sport,1
"Seldahl 's Barbarian is a concrete and displacement portraits of somebody whose international is turned upwards down , first by fervour and then by illness .",1
"una caliente but hardheaded contemplation on amity , familia and ailment .",1
Turns potentially forgettable formula into anything strangely diverting .,1
Bogdanovich tantalizes by supplying a peep show into the iife of the era 's creme de la celluloid .,1
People cinema at its meanest .,1
The performances taking the filmmaking to a upper grades .,1
"Administered to surpass the sex , drugs and show-tunes plot into something far wealthier .",1
Dense with character and consists some excite times .,1
LaPaglia 's competency to transmit woe and hope works with Weaver 's touchy reply to make this a two-actor padrone schoolroom .,1
The nicest kino about baseball to pummeled theaters since Field of Dreams .,1
"Instead of a hyperbolic beat-charged urban western , it 's an unpretentious , sociologically indicated cutting of iife .",1
the film tunes into a grief that could lead a man in centuries .,1
"As a tolerable alcatraz , the cinematographic suffices ; a Triumph , despite , it is not .",0
If your taste runs to ` difficult ' films you absolutely ca n't mademoiselle it .,1
"Like Leo , it 's disappointing and however oddly congenial .",1
"If you can stomach the rough content , it 's worth audit out for the performances alone .",1
"Looking aristocratic , luminous yet careworn in Jane Hamilton 's exemplary costumes , Rampling donne a performance that did not be improved upon . '",1
"... Mafia , rap stars and hood rats butt their ugly heads in a regurgitation of cinematic violence that donne brutal birth to an unlikely , but sympathetic , hero . '",1
"On this tricky topic , Tadpole is very much a steps in the rights direction , with its amalgam of bluntness , civility and pity .",1
"Droll , flip and terribly hips bit of cinematic recreational .",1
Montias ... substation a lot of energies into his politely nuanced descriptive and surrounds himself with a cast of fickle -- but not stereotyped -- street characters .,1
"Yet in its most tiresome scenes , Russian Ark is entrancing .",1
"The continued good chem between Carmen and Nov is what retains this slightly disappointing sequel gonna , with suffice amusing banter -- blessedly curse-free -- to keep both kids and parenting distracted .",1
"Alas , it appears that ( Jackie ) Chan 's US influence is starting to show in his Hong Kong films .",0
It all adds up to buena droll .,1
"A big , magnifique , sprawling swashbuckler that offering its diversions in prodigious , uncomplicated fashion .",1
Sade is an participate gaze at the controversial eponymous and resolutely atheistic heroin .,1
"a quiet , unadulterated , elliptical movies",1
The subtle kraft of `` Elling '' is that it never looses touch with the reality of the grim situation .,1
"A study in shades of gray , supply itself up in perceptive plot maneuvers ...",1
"The format gets used best ... to capture the giddy heights obtained by motocross and BMX riders , which balletic hotdogging occasionally ends in bone-crushing screwups .",1
"Chill but uncommercial look into the mind of Jeffrey Dahmer , serial killer .",1
"But it 's become almost redundant to say so , major kudos go to Leigh for actually casting people who look working-class .",1
It deserves to be seen by anyone with even a passing interest in the events shaping the monde beyond their own vistas .,1
"Ix Fags is not only than a frighteningly capable debut and sorts piece , but apart a instant of a unsafe policies situation on the verge of coming to a head .",1
It 's the chemistry between the women and the droll scene-stealing wit and wolfish pessimism of Anna Chancellor that makes this `` Two Weddings and a Funeral '' droll .,1
Volition distract and provoke gutsy adult in specialization sites .,1
You do n't have to know about musicians to thankful the film 's easygoing amalgam of travesty and romanticism .,1
A kino about a youths dawg finding Seigneur that is available and affects to the medulla .,1
"For the fiirst time in years , De Nero digs deepest emotionally , perhaps because he 's been caused by the emphatic work of his co-stars .",1
"The old-world - meets-new mesh is incarnated in the movie 's soundtrack , a smiley effusion of disco Bollywood that , by the end of Monsoon Wedding , sent my spirit hiked out of the theater .",1
"An efficacious creepy , fear-inducing ( not fear-reducing ) kino from Japanese superintendent Hideo Nakata , who pick the superstitious curse on chain letters and actually applying it .",1
"Caliente Water At a Rojo Flyover is a lunatic and agonizing Japanese film that scrutinize the mesmerizing connector between women , water , trait , and sexuality .",1
"The best revenge may just be living well because this cinematographic , unlike other Dumas adaptations , is far more likened to a hoard than a lengthy penitentiaries sentences .",1
"una yummy and enigmatic thrillers filled with dumbfounded , Read My Lips is an initials .",1
"This is a conte of deux misfits who do n't standing a chance jen , but totality they are magnifique .",1
"Highbrow self-appointed guardians of culture need not apply , but those who cared Cool as Icing have at latter found a dignified follow-up .",1
"One of creepiest , scariest cinematographic to come along in a long , long moment , easily rivaling Blair Witch or The Others .",1
"Maud and Roland 's search for an unknowable past makes for a haunting writing detective histories , but LaBute pulls off a neater trick in Possession : Him makes parlance sexier .",1
"Pacino is shiny as the sleep-deprived Dormer , his increasing weariness as much existential as it is physical .",1
Scarce Birds has more than suffice seduction to make it memorable .,1
Runs to be sweet and devilishly satisfactory at the same moment .,1
"Nos sophomore slump for director Sam Mendes , who segues from Oscar winner to Oscar-winning potential with a smooth sleight of hand .",1
"The movie is n't just droll : It 's spiritual and creativity , too , and in afterthought , it is n't even all that daft .",1
Old-form moviemaking at its better .,1
Ahhhh ... revenge is sugary !,1
You will occur with a clearer avis of how the gears of justice grind on and the death report happens to interchange airtime beside the farmhouse report .,1
"In sadness of Buena Housework 's unsavory characters and WWF mentality , this blanca trash Warfare of the Pink is a appallingly participate kino .",1
Collateral Damage finally delivers the goods for Schwarzenegger amateurs .,1
